{
	"info": {
		"_postman_id": "7bbdacd3-7117-437f-a4d9-9c095c8f876b",
		"name": "Movies API",
		"schema": "https://schema.getpostman.com/json/collection/v2.1.0/collection.json"
	},
	"item": [
		{
			"name": "Add movie - fail",
			"event": [
				{
					"listen": "test",
					"script": {
						"exec": [
							"pm.test(\"Movie creation failed\", () => {\r",
							"    const { success } = pm.response.json();\r",
							"    return success == false;\r",
							"});"
						],
						"type": "text/javascript"
					}
				}
			],
			"request": {
				"method": "POST",
				"header": [],
				"body": {
					"mode": "raw",
					"raw": "{\r\n    \"name\": \"Tomb Raider\",\r\n    \"image_url\": \"https://m.media-amazon.com/images/I/71WuJO2Q6tL._SL1200_.jpg\"\r\n}",
					"options": {
						"raw": {
							"language": "json"
						}
					}
				},
				"url": {
					"raw": "{{path}}/movies",
					"host": [
						"{{path}}"
					],
					"path": [
						"movies"
					]
				}
			},
			"response": []
		},
		{
			"name": "Add movie 1 with user",
			"event": [
				{
					"listen": "test",
					"script": {
						"exec": [
							"pm.test(\"Movie 1 & user 1 created\", () => {\r",
							"    const { secret_data, id } = pm.response.json();\r",
							"    pm.collectionVariables.set(\"secret\", secret_data);\r",
							"    pm.collectionVariables.set(\"movie1\", id);\r",
							"    return secret_data !== undefined;\r",
							"});"
						],
						"type": "text/javascript"
					}
				}
			],
			"request": {
				"method": "POST",
				"header": [],
				"body": {
					"mode": "raw",
					"raw": "{\r\n    \"name\": \"Titanic\",\r\n    \"image_url\": \"https://cdn.shopify.com/s/files/1/1416/8662/products/titanic_1997_original_film_art_dd01271c-371c-4562-b9c2-0d3203301a66_1200x.jpg\",\r\n    \"email\": \"{{email1}}\",\r\n    \"display_name\": \"{{displayname1}}\"\r\n}",
					"options": {
						"raw": {
							"language": "json"
						}
					}
				},
				"url": {
					"raw": "{{path}}/movies",
					"host": [
						"{{path}}"
					],
					"path": [
						"movies"
					]
				}
			},
			"response": []
		},
		{
			"name": "Add movie 2",
			"event": [
				{
					"listen": "test",
					"script": {
						"exec": [
							"pm.test(\"Movie 2 created\", () => {\r",
							"    const { secret_data, id } = pm.response.json();\r",
							"    pm.collectionVariables.set(\"movie2\", id);\r",
							"    return secret_data !== undefined;\r",
							"});"
						],
						"type": "text/javascript"
					}
				}
			],
			"request": {
				"method": "POST",
				"header": [],
				"body": {
					"mode": "raw",
					"raw": "{\r\n    \"name\": \"King Kong\",\r\n    \"image_url\": \"https://d2e111jq13me73.cloudfront.net/sites/default/files/styles/product_image_aspect_switcher_170w/public/product-images/csm-movie/king-kong-2005-poster-min.jpg\",\r\n    \"email\": \"{{email1}}\"\r\n}",
					"options": {
						"raw": {
							"language": "json"
						}
					}
				},
				"url": {
					"raw": "{{path}}/movies",
					"host": [
						"{{path}}"
					],
					"path": [
						"movies"
					]
				}
			},
			"response": []
		},
		{
			"name": "Add movie 3",
			"event": [
				{
					"listen": "test",
					"script": {
						"exec": [
							"pm.test(\"Movie 3 created\", () => {\r",
							"    const { secret_data, id } = pm.response.json();\r",
							"    pm.collectionVariables.set(\"movie3\", id);\r",
							"    return secret_data !== undefined;\r",
							"});"
						],
						"type": "text/javascript"
					}
				}
			],
			"request": {
				"method": "POST",
				"header": [],
				"body": {
					"mode": "raw",
					"raw": "{\r\n    \"name\": \"Tomb Raider\",\r\n    \"image_url\": \"https://m.media-amazon.com/images/I/71WuJO2Q6tL._SL1200_.jpg\",\r\n    \"email\": \"{{email1}}\"\r\n}",
					"options": {
						"raw": {
							"language": "json"
						}
					}
				},
				"url": {
					"raw": "{{path}}/movies",
					"host": [
						"{{path}}"
					],
					"path": [
						"movies"
					]
				}
			},
			"response": []
		},
		{
			"name": "Add movie 4",
			"event": [
				{
					"listen": "test",
					"script": {
						"exec": [
							"pm.test(\"Movie 4 created\", () => {\r",
							"    const { secret_data, id } = pm.response.json();\r",
							"    pm.collectionVariables.set(\"movie4\", id);\r",
							"    return secret_data !== undefined;\r",
							"});"
						],
						"type": "text/javascript"
					}
				}
			],
			"request": {
				"method": "POST",
				"header": [],
				"body": {
					"mode": "raw",
					"raw": "{\r\n    \"name\": \"SpiderMan\",\r\n    \"image_url\": \"https://upload.wikimedia.org/wikipedia/en/0/02/The_Amazing_Spider-Man_theatrical_poster.jpeg\",\r\n    \"email\": \"{{email1}}\"\r\n}",
					"options": {
						"raw": {
							"language": "json"
						}
					}
				},
				"url": {
					"raw": "{{path}}/movies",
					"host": [
						"{{path}}"
					],
					"path": [
						"movies"
					]
				}
			},
			"response": []
		},
		{
			"name": "Add review fail",
			"event": [
				{
					"listen": "test",
					"script": {
						"exec": [
							"pm.test(\"Review creation failed\", () => {\r",
							"    const { success } = pm.response.json();\r",
							"    return success == false;\r",
							"});"
						],
						"type": "text/javascript"
					}
				}
			],
			"request": {
				"method": "POST",
				"header": [],
				"body": {
					"mode": "raw",
					"raw": "{\r\n    \"text\": \"Too kitschy\",\r\n    \"rating\": 2\r\n}",
					"options": {
						"raw": {
							"language": "json"
						}
					}
				},
				"url": {
					"raw": "{{path}}/movie/{{movie1}}/reviews",
					"host": [
						"{{path}}"
					],
					"path": [
						"movie",
						"{{movie1}}",
						"reviews"
					]
				}
			},
			"response": []
		},
		{
			"name": "Add review with user",
			"event": [
				{
					"listen": "test",
					"script": {
						"exec": [
							"pm.test(\"Review 1 & user 2 created\", () => {\r",
							"    const { id } = pm.response.json();\r",
							"    pm.collectionVariables.set(\"review1\", id);\r",
							"    return id !== undefined;\r",
							"});"
						],
						"type": "text/javascript"
					}
				}
			],
			"request": {
				"method": "POST",
				"header": [],
				"body": {
					"mode": "raw",
					"raw": "{\r\n    \"text\": \"Too kitschy\",\r\n    \"rating\": 2,\r\n    \"email\": \"{{email2}}\",\r\n    \"display_name\": \"{{displayname2}}\"\r\n}",
					"options": {
						"raw": {
							"language": "json"
						}
					}
				},
				"url": {
					"raw": "{{path}}/movie/{{movie1}}/reviews",
					"host": [
						"{{path}}"
					],
					"path": [
						"movie",
						"{{movie1}}",
						"reviews"
					]
				}
			},
			"response": []
		},
		{
			"name": "Add review",
			"event": [
				{
					"listen": "test",
					"script": {
						"exec": [
							"pm.test(\"Review 2 created\", () => {\r",
							"    const { id } = pm.response.json();\r",
							"    pm.collectionVariables.set(\"review2\", id);\r",
							"    return id !== undefined;\r",
							"});"
						],
						"type": "text/javascript"
					}
				}
			],
			"request": {
				"method": "POST",
				"header": [],
				"body": {
					"mode": "raw",
					"raw": "{\r\n    \"text\": \"The best movie!!!\",\r\n    \"rating\": 5,\r\n    \"email\": \"{{email2}}\"\r\n}",
					"options": {
						"raw": {
							"language": "json"
						}
					}
				},
				"url": {
					"raw": "{{path}}/movie/{{movie2}}/reviews",
					"host": [
						"{{path}}"
					],
					"path": [
						"movie",
						"{{movie2}}",
						"reviews"
					]
				}
			},
			"response": []
		},
		{
			"name": "Get movie",
			"event": [
				{
					"listen": "test",
					"script": {
						"exec": [
							"pm.test(\"Got status 200\", () => {\r",
							"    pm.response.to.have.status(200);\r",
							"});"
						],
						"type": "text/javascript"
					}
				}
			],
			"request": {
				"method": "GET",
				"header": [],
				"url": {
					"raw": "{{path}}/movie/{{movie1}}",
					"host": [
						"{{path}}"
					],
					"path": [
						"movie",
						"{{movie1}}"
					]
				}
			},
			"response": []
		},
		{
			"name": "Get random movies",
			"event": [
				{
					"listen": "test",
					"script": {
						"exec": [
							"pm.test(\"Got status 200\", () => {\r",
							"    pm.response.to.have.status(200);\r",
							"});"
						],
						"type": "text/javascript"
					}
				}
			],
			"request": {
				"method": "GET",
				"header": [],
				"url": {
					"raw": "{{path}}/movies?random",
					"host": [
						"{{path}}"
					],
					"path": [
						"movies"
					],
					"query": [
						{
							"key": "random",
							"value": null
						}
					]
				}
			},
			"response": []
		},
		{
			"name": "Get movies order by name desc",
			"event": [
				{
					"listen": "test",
					"script": {
						"exec": [
							"pm.test(\"Got status 200\", () => {\r",
							"    pm.response.to.have.status(200);\r",
							"});"
						],
						"type": "text/javascript"
					}
				}
			],
			"request": {
				"method": "GET",
				"header": [],
				"url": {
					"raw": "{{path}}/movies?limit=5&orderby=name&order=desc",
					"host": [
						"{{path}}"
					],
					"path": [
						"movies"
					],
					"query": [
						{
							"key": "limit",
							"value": "5"
						},
						{
							"key": "orderby",
							"value": "name"
						},
						{
							"key": "order",
							"value": "desc"
						}
					]
				}
			},
			"response": []
		},
		{
			"name": "Search movie",
			"event": [
				{
					"listen": "test",
					"script": {
						"exec": [
							"pm.test(\"Got status 200\", () => {\r",
							"    pm.response.to.have.status(200);\r",
							"});"
						],
						"type": "text/javascript"
					}
				}
			],
			"request": {
				"method": "GET",
				"header": [],
				"url": {
					"raw": "{{path}}/movies?term=tomb",
					"host": [
						"{{path}}"
					],
					"path": [
						"movies"
					],
					"query": [
						{
							"key": "term",
							"value": "tomb"
						}
					]
				}
			},
			"response": []
		},
		{
			"name": "Get reviews of a movie",
			"event": [
				{
					"listen": "test",
					"script": {
						"exec": [
							"pm.test(\"Got status 200\", () => {\r",
							"    pm.response.to.have.status(200);\r",
							"});"
						],
						"type": "text/javascript"
					}
				}
			],
			"request": {
				"method": "GET",
				"header": [],
				"url": {
					"raw": "{{path}}/movie/{{movie2}}/reviews",
					"host": [
						"{{path}}"
					],
					"path": [
						"movie",
						"{{movie2}}",
						"reviews"
					]
				}
			},
			"response": []
		},
		{
			"name": "Delete movie fail",
			"event": [
				{
					"listen": "test",
					"script": {
						"exec": [
							"pm.test(\"Got status 400\", () => {\r",
							"    pm.response.to.have.status(400);\r",
							"});"
						],
						"type": "text/javascript"
					}
				}
			],
			"request": {
				"method": "DELETE",
				"header": [],
				"body": {
					"mode": "raw",
					"raw": "{\r\n    \"secret_data\": \"test\"\r\n}",
					"options": {
						"raw": {
							"language": "json"
						}
					}
				},
				"url": {
					"raw": "{{path}}/movie/{{movie1}}",
					"host": [
						"{{path}}"
					],
					"path": [
						"movie",
						"{{movie1}}"
					]
				}
			},
			"response": []
		},
		{
			"name": "Delete movie",
			"event": [
				{
					"listen": "test",
					"script": {
						"exec": [
							"pm.test(\"Got status 200\", () => {\r",
							"    pm.response.to.have.status(200);\r",
							"});"
						],
						"type": "text/javascript"
					}
				}
			],
			"request": {
				"method": "DELETE",
				"header": [],
				"body": {
					"mode": "raw",
					"raw": "{\r\n    \"secret_data\": \"{{secret}}\"\r\n}",
					"options": {
						"raw": {
							"language": "json"
						}
					}
				},
				"url": {
					"raw": "{{path}}/movie/{{movie1}}",
					"host": [
						"{{path}}"
					],
					"path": [
						"movie",
						"{{movie1}}"
					]
				}
			},
			"response": []
		}
	],
	"event": [
		{
			"listen": "prerequest",
			"script": {
				"type": "text/javascript",
				"exec": [
					""
				]
			}
		},
		{
			"listen": "test",
			"script": {
				"type": "text/javascript",
				"exec": [
					""
				]
			}
		}
	],
	"variable": [
		{
			"key": "port",
			"value": "5050"
		},
		{
			"key": "host",
			"value": "localhost"
		},
		{
			"key": "path",
			"value": "{{host}}:{{port}}/api",
			"type": "string"
		},
		{
			"key": "email1",
			"value": "aharonach@gmail.com",
			"type": "string"
		},
		{
			"key": "displayname1",
			"value": "Aharon 1",
			"type": "string"
		},
		{
			"key": "email2",
			"value": "aharonach2@gmail.com",
			"type": "string"
		},
		{
			"key": "displayname2",
			"value": "Aharon 2",
			"type": "string"
		},
		{
			"key": "secret",
			"value": "",
			"type": "string"
		},
		{
			"key": "movie1",
			"value": "",
			"type": "string"
		},
		{
			"key": "movie2",
			"value": "",
			"type": "string"
		},
		{
			"key": "movie3",
			"value": "",
			"type": "string"
		},
		{
			"key": "movie4",
			"value": "",
			"type": "string"
		},
		{
			"key": "review1",
			"value": "",
			"type": "string"
		},
		{
			"key": "review2",
			"value": "",
			"type": "string"
		}
	]
}